Chris Paul,Atlanta Hawks,G
Clint Capela,Atlanta Hawks,C
Jaylen Brown,Atlanta Hawks,FG
Ivica Zubac,Atlanta Hawks,C
Ja Morant,Atlanta Hawks,G
Rui Hachimura,Atlanta Hawks,F
PJ Washington,Atlanta Hawks,F
Darius Bazley,Atlanta Hawks,F
Oshae Brissett,Atlanta Hawks,F
Theo Maledon,Atlanta Hawks,G
Omer Yurtseven,Atlanta Hawks,C
Derrick Rose,Boston Celtics,G
Ish Smith,Boston Celtics,G
Isaiah Thomas,Boston Celtics,G
Hassan Whiteside,Boston Celtics,C
Nemanja Bjelica,Boston Celtics,FC
Dewayne Dedmon,Boston Celtics,C
Giannis Antetokounmpo,Boston Celtics,F
Kelly Oubre Jr.,Boston Celtics,F
Derrick Jones Jr.,Boston Celtics,F
Lonzo Ball,Boston Celtics,G
Harry Giles III,Boston Celtics,C
Kendrick Nunn,Boston Celtics,G
DeAndre Jordan,Brooklyn Nets,C
Brook Lopez,Brooklyn Nets,C
Draymond Green,Brooklyn Nets,FC
Dorian Finney-Smith,Brooklyn Nets,F
Dillon Brooks,Brooklyn Nets,FG
DeAaron Fox,Brooklyn Nets,G
Zach Collins,Brooklyn Nets,CF
Derrick White,Brooklyn Nets,G
Yuta Watanabe,Brooklyn Nets,FG
Jordan Poole,Brooklyn Nets,G
Sekou Doumbouya,Brooklyn Nets,F
Juan Toscano-Anderson,Brooklyn Nets,F
Anthony Edwards,Brooklyn Nets,G
Mfiondu Kabengele,Brooklyn Nets,FC
Bradley Beal,Charlotte Hornets,G
Dante Exum,Charlotte Hornets,G
T.J. Warren,Charlotte Hornets,F
Dwight Powell,Charlotte Hornets,CF
Larry Nance Jr.,Charlotte Hornets,CF
Norman Powell,Charlotte Hornets,GF
Jakob Poeltl,Charlotte Hornets,C
Kyle Kuzma,Charlotte Hornets,F
Frank Ntilikina,Charlotte Hornets,G
Terance Mann,Charlotte Hornets,F
Bruno Fernando,Charlotte Hornets,C
Isaiah Joe,Charlotte Hornets,G
Kira Lewis Jr.,Charlotte Hornets,G
Mamadi Diakite,Charlotte Hornets,F
Kevin Love,Chicago Bulls,CF
Wayne Ellington,Chicago Bulls,G
Kawhi Leonard,Chicago Bulls,GF
Austin Rivers,Chicago Bulls,G
Jeremy Lamb,Chicago Bulls,G
Steven Adams,Chicago Bulls,C
Justise Winslow,Chicago Bulls,F
Brad Wanamaker,Chicago Bulls,G
Isaac Bonga,Chicago Bulls,F
Kyle Guy,Chicago Bulls,G
Ignas Brazdeikis,Chicago Bulls,F
Trevor Ariza,Cleveland Cavaliers,FG
Kevin Pangos,Cleveland Cavaliers,G
Karl-Anthony Towns,Cleveland Cavaliers,C
Domantas Sabonis,Cleveland Cavaliers,CF
Cedi Osman,Cleveland Cavaliers,F
Luka Doncic,Cleveland Cavaliers,FG
Jaren Jackson Jr.,Cleveland Cavaliers,CF
Mitchell Robinson,Cleveland Cavaliers,C
Darius Garland,Cleveland Cavaliers,G
Terence Davis,Cleveland Cavaliers,G
Romeo Langford,Cleveland Cavaliers,G
Chuma Okeke,Cleveland Cavaliers,F
Obi Toppin,Cleveland Cavaliers,CF
Malachi Flynn,Cleveland Cavaliers,G
Danny Green,Dallas Mavericks,G
Marcus Morris,Dallas Mavericks,F
Cody Zeller,Dallas Mavericks,C
Julius Randle,Dallas Mavericks,CF
Delon Wright,Dallas Mavericks,G
Maxi Kleber,Dallas Mavericks,CF
Bogdan Bogdanovic,Dallas Mavericks,FG
Damyean Dotson,Dallas Mavericks,G
Josh Okogie,Dallas Mavericks,GF
Bruce Brown Jr.,Dallas Mavericks,G
Grant Williams,Dallas Mavericks,F
Saddiq Bey,Dallas Mavericks,F
Lou Williams,Denver Nuggets,G
Blake Griffin,Denver Nuggets,F
Darren Collison,Denver Nuggets,G
Eric Bledsoe,Denver Nuggets,G
Bryn Forbes,Denver Nuggets,G
Semi Ojeleye,Denver Nuggets,F
Markelle Fultz,Denver Nuggets,G
DeAnthony Melton,Denver Nuggets,G
Sergio Llull,Denver Nuggets,G
Sergey Gladyr,Denver Nuggets,G
LaMarcus Aldridge,Detroit Pistons,C
Taj Gibson,Detroit Pistons,F
Serge Ibaka,Detroit Pistons,CF
Kyrie Irving,Detroit Pistons,G
Robert Covington,Detroit Pistons,F
Reggie Bullock,Detroit Pistons,F
Jordan Clarkson,Detroit Pistons,G
Tomas Satoransky,Detroit Pistons,G
Josh Jackson,Detroit Pistons,FG
DeAndre Ayton,Detroit Pistons,C
Sviatoslav Mykhailiuk,Detroit Pistons,GF
Isaiah Hartenstein,Detroit Pistons,C
Jalen McDaniels,Detroit Pistons,F
Jarret Culver,Detroit Pistons,G
James Johnson,Golden State Warriors,F
Kentavious Caldwell-Pope,Golden State Warriors,G
Andrew Wiggins,Golden State Warriors,F
Jusuf Nurkic,Golden State Warriors,C
Spencer Dinwiddie,Golden State Warriors,G
Richaun Holmes,Golden State Warriors,C
Jayson Tatum,Golden State Warriors,F
Malik Monk,Golden State Warriors,GF
Jaylen Hoard,Golden State Warriors,F
Skylar Mays,Golden State Warriors,G
Anthony Gill,Golden State Warriors,F
Vlatko Cancar,Golden State Warriors,F
Dwight Howard,Houston Rockets,CF
George Hill,Houston Rockets,G
Cory Joseph,Houston Rockets,G
Rudy Gobert,Houston Rockets,C
Aaron Gordon,Houston Rockets,F
Cameron Payne,Houston Rockets,G
Dejounte Murray,Houston Rockets,G
Alex Caruso,Houston Rockets,G
Miles Bridges,Houston Rockets,F
Aaron Holiday,Houston Rockets,G
Jarred Vanderbilt,Houston Rockets,F
Isaiah Roby,Houston Rockets,F
Andre Iguodala,Indiana Pacers,FG
Alec Burks,Indiana Pacers,GF
Raul Neto,Indiana Pacers,G
Frank Kaminsky,Indiana Pacers,CF
Christian Wood,Indiana Pacers,C
Donovan Mitchell,Indiana Pacers,G
Jonathan Isaac,Indiana Pacers,F
Torrey Craig,Indiana Pacers,F
Nassir Little,Indiana Pacers,F
Armon Brooks,Indiana Pacers,G
Jock Landale,Indiana Pacers,C
Brandon Ingram,Los Angeles Clippers,F
David Nwaba,Los Angeles Clippers,F
Bam Adebayo,Los Angeles Clippers,CF
Chris Boucher,Los Angeles Clippers,C
Kevin Huerter,Los Angeles Clippers,GF
Marvin Bagley III,Los Angeles Clippers,CF
Drew Eubanks,Los Angeles Clippers,F
Shai Gilgeous-Alexander,Los Angeles Clippers,G
Kenrich Williams,Los Angeles Clippers,F
Keldon Johnson,Los Angeles Clippers,GF
Tyrese Haliburton,Los Angeles Clippers,G
Talen Horton-Tucker,Los Angeles Clippers,G
Gabriel Deck,Los Angeles Clippers,F
Jordan Nwora,Los Angeles Clippers,F
Marc Gasol,Los Angeles Lakers,C
Klay Thompson,Los Angeles Lakers,G
Bismack Biyombo,Los Angeles Lakers,C
Reggie Jackson,Los Angeles Lakers,G
Devin Booker,Los Angeles Lakers,G
Donte DiVincenzo,Los Angeles Lakers,G
Chandler Hutchison,Los Angeles Lakers,GF
DeAndre Hunter,Los Angeles Lakers,F
Cameron Johnson,Los Angeles Lakers,F
Daniel Gafford,Los Angeles Lakers,CF
Payton Pritchard,Los Angeles Lakers,G
Jaden McDaniels,Los Angeles Lakers,F
Dylan Windler,Los Angeles Lakers,F
Onyeka Okongwu,Los Angeles Lakers,C
Jonas Valanciunas,Memphis Grizzlies,C
Tim Hardaway Jr.,Memphis Grizzlies,F
Alex Len,Memphis Grizzlies,C
Joe Harris,Memphis Grizzlies,GF
Zach LaVine,Memphis Grizzlies,GF
Jerami Grant,Memphis Grizzlies,F
Abdel Nader,Memphis Grizzlies,GF
Malik Beasley,Memphis Grizzlies,G
Luke Kennard,Memphis Grizzlies,G
Monte Morris,Memphis Grizzlies,G
Jalen Brunson,Memphis Grizzlies,G
Jaxson Hayes,Memphis Grizzlies,C
Georgios Kalaitzakis,Memphis Grizzlies,F
LeBron James,Miami Heat,G
Kemba Walker,Miami Heat,G
Gorgui Dieng,Miami Heat,C
Elfrid Payton,Miami Heat,G
Kristaps Porzingis,Miami Heat,F
Pat Connaughton,Miami Heat,G
Marquese Chriss,Miami Heat,F
Willy Hernangomez,Miami Heat,C
DeAndre Bembry,Miami Heat,GF
Furkan Korkmaz,Miami Heat,F
Troy Brown Jr.,Miami Heat,G
Moses Brown,Miami Heat,C
Tony Bradley,Miami Heat,C
Jaylen Nowell,Miami Heat,G
Goran Dragic,Milwaukee Bucks,G
Gordon Hayward,Milwaukee Bucks,F
Evan Fournier,Milwaukee Bucks,FG
Michael Carter-Williams,Milwaukee Bucks,G
Joe Ingles,Milwaukee Bucks,F
Boban Marjanovic,Milwaukee Bucks,C
Bobby Portis,Milwaukee Bucks,F
Juan Hernangomez,Milwaukee Bucks,F
Daniel Theis,Milwaukee Bucks,C
Jarrett Allen,Milwaukee Bucks,C
Coby White,Milwaukee Bucks,G
Nickeil Alexander-Walker,Milwaukee Bucks,G
Louis King,Milwaukee Bucks,F
Nathan Knight,Milwaukee Bucks,F
Ricky Rubio,Minnesota Timberwolves,G
Jimmy Butler,Minnesota Timberwolves,F
Kelly Olynyk,Minnesota Timberwolves,FC
Pascal Siakam,Minnesota Timberwolves,F
Wendell Carter Jr.,Minnesota Timberwolves,FC
Devonte Graham,Minnesota Timberwolves,G
Grayson Allen,Minnesota Timberwolves,G
Jordan McLaughlin,Minnesota Timberwolves,G
Saben Lee,Minnesota Timberwolves,G
Jae'Sean Tate,Minnesota Timberwolves,F
Naji Marshall,Minnesota Timberwolves,F
Isaiah Stewart,Minnesota Timberwolves,C
Russell Westbrook,New Orleans Pelicans,G
DeMar DeRozan,New Orleans Pelicans,G
Al-Farouq Aminu,New Orleans Pelicans,F
Doug McDermott,New Orleans Pelicans,F
James Ennis III,New Orleans Pelicans,GF
Buddy Hield,New Orleans Pelicans,G
John Collins,New Orleans Pelicans,F
Mohamed Bamba,New Orleans Pelicans,C
Trae Young,New Orleans Pelicans,G
Robert Williams III,New Orleans Pelicans,C
Goga Bitadze,New Orleans Pelicans,C
Max Strus,New Orleans Pelicans,F
Michael Porter Jr.,New Orleans Pelicans,F
Chimezie Metu,New Orleans Pelicans,C
Nikola Vucevic,New York Knicks,C
Will Barton,New York Knicks,GF
Marcus Smart,New York Knicks,G
Davis Bertans,New York Knicks,F
Kevon Looney,New York Knicks,CF
Caris LeVert,New York Knicks,GF
Precious Achiuwa,New York Knicks,CF
Killian Hayes,New York Knicks,G
Deni Avdija,New York Knicks,F
Desmond Bane,New York Knicks,GF
RJ Hampton,New York Knicks,G
Tre Jones,New York Knicks,G
Robin Lopez,Oklahoma City Thunder,C
Stephen Curry,Oklahoma City Thunder,G
Paul George,Oklahoma City Thunder,GF
Bojan Bogdanovic,Oklahoma City Thunder,F
Justin Holiday,Oklahoma City Thunder,GF
Trey Lyles,Oklahoma City Thunder,F
Danuel House Jr.,Oklahoma City Thunder,F
Taurean Prince,Oklahoma City Thunder,F
Damian Jones,Oklahoma City Thunder,C
Lauri Markkanen,Oklahoma City Thunder,CF
Terrence Ross,Orlando Magic,G
Damian Lillard,Orlando Magic,G
Anthony Davis,Orlando Magic,CF
Otto Porter Jr.,Orlando Magic,F
Mike Muscala,Orlando Magic,F
Georges Niang,Orlando Magic,F
D.J. Wilson,Orlando Magic,F
Alize Johnson,Orlando Magic,F
Moritz Wagner,Orlando Magic,C
Lonnie Walker IV,Orlando Magic,G
Gary Trent Jr.,Orlando Magic,G
James Wiseman,Orlando Magic,C
Mason Jones,Orlando Magic,G
Mike Conley Jr.,Philadelphia 76ers,G
JaVale McGee,Philadelphia 76ers,C
Derrick Favors,Philadelphia 76ers,CF
Tristan Thompson,Philadelphia 76ers,CF
Markieff Morris,Philadelphia 76ers,F
Jahlil Okafor,Philadelphia 76ers,C
Montrezl Harrell,Philadelphia 76ers,CF
Tyler Herro,Philadelphia 76ers,G
Nicolas Claxton,Philadelphia 76ers,CF
Cole Anthony,Philadelphia 76ers,G
Xavier Tillman,Philadelphia 76ers,F
Aleksej Pokusevski,Philadelphia 76ers,CF
Kenyon Martin Jr.,Philadelphia 76ers,F
Luka Samanic,Philadelphia 76ers,F
Khris Middleton,Phoenix Suns,F
C.J. McCollum,Phoenix Suns,G
T.J. McConnell,Phoenix Suns,G
Nikola Jokic,Phoenix Suns,C
Fred VanVleet,Phoenix Suns,G
Damion Lee,Phoenix Suns,G
RJ Barrett,Phoenix Suns,GF
Zion Williamson,Phoenix Suns,F
Naz Reid,Phoenix Suns,CF
Rajon Rondo,Portland Trail Blazers,G
Paul Millsap,Portland Trail Blazers,FC
Demarcus Cousins,Portland Trail Blazers,C
Patrick Beverley,Portland Trail Blazers,G
Nerlens Noel,Portland Trail Blazers,CF
Gary Harris,Portland Trail Blazers,G
Jamal Murray,Portland Trail Blazers,G
Timothe Luwawu-Cabarrot,Portland Trail Blazers,F
Ben Simmons,Portland Trail Blazers,G
Cam Reddish,Portland Trail Blazers,GF
Ty Jerome,Portland Trail Blazers,G
Isaac Okoro,Portland Trail Blazers,F
Danilo Gallinari,Sacramento Kings,FC
Al Horford,Sacramento Kings,C
Rudy Gay,Sacramento Kings,F
Kyle Lowry,Sacramento Kings,G
Tobias Harris,Sacramento Kings,F
JaMychal Green,Sacramento Kings,F
Shabazz Napier,Sacramento Kings,G
Terry Rozier III,Sacramento Kings,G
Yogi Ferrell,Sacramento Kings,G
Alfonzo McKinnie,Sacramento Kings,F
Duncan Robinson,Sacramento Kings,GF
Collin Sexton,Sacramento Kings,G
Jevon Carter,Sacramento Kings,G
Harrison Barnes,San Antonio Spurs,F
Josh Richardson,San Antonio Spurs,G
Joel Embiid,San Antonio Spurs,C
Malcolm Brogdon,San Antonio Spurs,G
OG Anunoby,San Antonio Spurs,F
Sterling Brown,San Antonio Spurs,FG
Thomas Bryant,San Antonio Spurs,C
Jerome Robinson,San Antonio Spurs,G
Shake Milton,San Antonio Spurs,G
Brandon Clarke,San Antonio Spurs,F
Cody Martin,San Antonio Spurs,FG
Matisse Thybulle,San Antonio Spurs,FG
Luguentz Dort,San Antonio Spurs,G
Jrue Holiday,Toronto Raptors,G
Victor Oladipo,Toronto Raptors,G
Khem Birch,Toronto Raptors,FC
Myles Turner,Toronto Raptors,C
Denzel Valentine,Toronto Raptors,FG
Royce O'Neale,Toronto Raptors,F
Dwayne Bacon,Toronto Raptors,G
Josh Hart,Toronto Raptors,F
Mikal Bridges,Toronto Raptors,F
Hamidou Diallo,Toronto Raptors,GF
Kevin Knox,Toronto Raptors,F
Anfernee Simons,Toronto Raptors,G
Kevin Porter Jr.,Toronto Raptors,G
Tyrese Maxey,Toronto Raptors,G
Jeff Green,Utah Jazz,CF
Nicolas Batum,Utah Jazz,FG
James Harden,Utah Jazz,GF
Ed Davis,Utah Jazz,CF
Jae Crowder,Utah Jazz,F
Seth Curry,Utah Jazz,G
Dennis Schroder,Utah Jazz,G
Mason Plumlee,Utah Jazz,C
Kyle Anderson,Utah Jazz,FC
Tyus Jones,Utah Jazz,G
Landry Shamet,Utah Jazz,GF
Eric Paschall,Utah Jazz,F
Patrick Williams,Utah Jazz,F
Devin Vassell,Utah Jazz,F
Kevin Durant,Washington Wizards,F
Thaddeus Young,Washington Wizards,FC
Eric Gordon,Washington Wizards,G
John Wall,Washington Wizards,G
DAngelo Russell,Washington Wizards,G
Dennis Smith Jr.,Washington Wizards,G
P.J. Dozier,Washington Wizards,G
Lamelo Ball,Washington Wizards,G
Immanuel Quickley,Washington Wizards,G
Reggie Perry,Washington Wizards,CF
Aaron Nesmith,Washington Wizards,F
Zeke Nnaji,Washington Wizards,C
